code,descrption,type,brand,size
3000005040,AUNT JEM ORIGINAL PANCAKE MIX,Type 1,Aunt Jemima,2 LB
3000005070,A/JEM COMPLETE PANCAKE MI,Type 1,Aunt Jemima,32    OZ
3000005300,AJ BUTTERMILK PANCAKE MIX,Type 1,Aunt Jemima,32 OZ
3000005350,A J BTRMLK COMP PNCK MIX,Type 1,Aunt Jemima,1 LB
1600015760,BC PANCAKE MIX BUTTERMILK,Type 1,Bisquick,6.75 OZ
1600047090,BISQUICK SHK PR BTMK PNK,Type 1,Bisquick,7 OZ
1600047110,BISQ SHK N PR BLUBRY PNCK,Type 1,Bisquick,7.75 OZ
1600047120,BISQ.SHAKE&POUR PANCAKE-O,Type 1,Bisquick,7 OZ
1760004476,BRUCES SWT POT PANCK MX,Type 1,Bruce's,1.5 LB
7582281003,CLASSIQUE FARE BELGN WAFF MIX,Type 1,Classique,16 OZ
1112600710,FASTSHAKE PANCAKE MIX BTR,Type 1,Fastshake,5 OZ
1112600715,FASTSHAKE BUTTERMILK FMLY,Type 1,Fastshake,10.5 OZ
1112600720,FASTSHAKE BLUEBERRY,Type 1,Fastshake,5 OZ
7151802022,HODGSON BUTERMILK PANC,Type 1,Hodgson Mills,2 LB
7151802024,HODGSON  BUCKWHEAT PAN,Type 1,Hodgson Mills,32 OZ
7151802028,HM MUTLIGRN W/FLXSD PNCK,Type 1,Hodgson Mills,16 OZ
1800028035,HNGRY JK COMP BTRMLK 4PK,Type 1,Hungry Jack,16 OZ
1800028036,HNGRY JK BLUEBRY COMP 4PK,Type 1,Hungry Jack,16 OZ
1800028063,H J PANCAKE ORIGINAL MIX,Type 1,Hungry Jack,32 OZ
1800028064,H J PANCK BTRMLK COMP MIX,Type 1,Hungry Jack, 
1800028065,H J PANCAKE EX LITE MIX,Type 1,Hungry Jack,32 OZ
1800028066,H J BUTTERMILK PANCK MIX,Type 1,Hungry Jack, 
1800028067,H J PANCK MX EX LITE COMP,Type 1,Hungry Jack, 
1800063130,PILL HJ BM BULK PANCAKE,Type 1,Hungry Jack,32 OZ
1800063550,PB HJ BTR MLK PANCAKE,Type 1,Hungry Jack,37 OZ
1800063630,PILL HNG JCK X LT COMP PNCK MX,Type 1,Hungry Jack,37 OZ
4144900110,KRUSTEAZ COMP BM PANCAKE,Type 1,Krusteaz,32 OZ
4144900128,KRUSTEAZ BLUEBRY PANCAKE,Type 1,Krusteaz,28 OZ
4144900186,KRUSTEAZ BELGIAN WAFFLE,Type 1,Krusteaz,28 OZ
4163100055,LUND SWEDE PANCAKE MIX,Type 1,Lund Swede,12.00Z
1330052501,M W FLAPSTAX BTRMLK-POUCH,Type 1,M W Flapstax,5.5 OZ
7468300007,MGF BLUEBERRY PANCAKE MIX,Type 1,Maple Grove,24 OUNCE
7468300008,MPL GRV PANCKE MIX BTR/HN,Type 1,Maple Grove,24    OZ
7468300009,MGF HNY BUCKWHEAT PNCK MX,Type 1,Maple Grove,24 OZ
4420930112,MRS BUTTERWORTH PANCAKE M,Type 1,Mrs Butterworth,32 OZ
4420930139,M BTTRW BMC MIX PP1.69,Type 1,Mrs Butterworth,2 LB
4420930142,MRS BTRWRTH PCAKE MIX COM,Type 1,Mrs Butterworth,32 OZ
4420930321,M BTTRWRTH PCKE MX OLD F,Type 1,Mrs Butterworth,32 OZ
7754482500,OSEM BISSLI FALAFEL,Type 1,Osem Bissli,2.5 OZ
4146031105,PIONEER CMPLT BTRMLK PNCK,Type 1,Pioneer,32 OZ
4146031120,PIONEER NF BTRMLK PNCK MX,Type 1,Pioneer,32 OZ
9999985260,PRIVATE LABEL COMPLETE PANCAKE MIX,Type 1,Private Label,32 OZ
9999985261,PRIVATE LABEL COMPLETE PANCAKE MIX,Type 1,Private Label,2 LB
9999984346,PRIVATE LABEL PANCAKE & WAFFLE MIX,Type 1,Private Label Premium,2 LB
3250041100,WHT LILY BLUBRY PNCK MIX,Type 1,White Lily,6 1/2 OZ
3250046100,WH LILY BM PANCAKE MIX,Type 1,White Lily,5.5 OZ
8147532456,AL DENTE EGG FETTUCINI,Type 2,Al Dente,12 OZ
8147534789,AL DENTE SPINACH FETTUCINI,Type 2,Al Dente,12 OZ
8147546297,AL DENTE TOMATO FETTICINE,Type 2,Al Dente,12 OZ
8147557893,AL DENTE BASIL FETTUCINE,Type 2,Al Dente,12 OZ
8147571412,AL DEN WHL WHEAT FETTUCCINE,Type 2,Al Dente,12 OZ
8147571687,AL DENTE RED CHILI PEPPER FETT,Type 2,Al Dente,12 OZ
8147572543,AL DENTE LEMON CHIVE FETT,Type 2,Al Dente,12 OZ
8147582014,AL DENTE FIESTA FETTUCINE,Type 2,Al Dente,12 OZ
8147590123,AL DENTE SESAME LINGUINI,Type 2,Al Dente,12 OZ
8147591234,AL DENTE 3 PEPPER FETTUCI,Type 2,Al Dente,12 OZ
8147599847,AL DENTE GARLIC PARSLEY,Type 2,Al Dente,12 OZ
7107200320,ALESSI Type 2 ORECCHIETTE,Type 2,Alessi,16 OZ
7107200322,ALESSI CAVATELLI Type 2,Type 2,Alessi,16 OZ
7107200324,ALESSI Type 2 CASARECCI,Type 2,Alessi,16 OZ
7107201136,ALESSI RASP WHT BALSAMIC,Type 2,Alessi,8.5 OZ
6566711853,ANNIE CHNS SPCY HUN NDLE,Type 2,Annie Chns,8 OZ
6566712285,ANNIE CHNS THAI BASL NDLE,Type 2,Annie Chns,8 OZ
7075304162,ANTOINES CAVATAPPI 12 OZ,Type 2,Antoine's,KH# 2793
7065070051,ARLOWE SPAG NOTTA Type 2,Type 2,Arlow,1 LB
7680828008,BARILLA SPAGHETTI Type 2,Type 2,Barilla,16    OZ
7680828009,BARILLA THIN SPAGHETTI PS,Type 2,Barilla,16    OZ
7680828017,BARILLA LINGUINI Type 2,Type 2,Barilla,16 OZ
7680828071,BARILLA MOSTACCIOLI,Type 2,Barilla,16 OZ
7680828073,BARILLA PENNE RIGATE,Type 2,Barilla,16 OZ
7680828083,BARILLA MINI RIGATONI {A},Type 2,Barilla,16 OZ
7680828098,BARILLA ROTINI,Type 2,Barilla,16 OZ
7680850106,BARILLA ANGEL HAIR,Type 2,Barilla,16 OZ
7680850108,BARILLA FARFALLE Type 2,Type 2,Barilla,16 OZ
7680850112,BARILLA CONCHIGLIE PSTA,Type 2,Barilla,16    OZ
7680850294,(S)BARILLA RIGATONI Type 2,Type 2,Barilla,16 OZ
7680850295,BARILLA MINI PENNE Type 2,Type 2,Barilla,16 OZ
7680850643,(S)BARILLA GEMELLI Type 2,Type 2,Barilla,16 OZ
7680850738,BARILLA FETTUCCINE PSTA,Type 2,Barilla,16 OZ
7680851398,BARILLA ORZO Type 2,Type 2,Barilla,16    OZ
7680851433,BARILLA CAMPANELLE Type 2,Type 2,Barilla,16 OUNCE
7680851437,BARILLA CELLENTANI Type 2,Type 2,Barilla,16    OZ
7680851504,BARILLA SPAGHETTONI   {A},Type 2,Barilla,16 OZ
7680851558,BARILLA LASAGNA OVEN READ,Type 2,Barilla,9    OZ
7680851613,BARILLA ELBOW Type 2,Type 2,Barilla,16    OZ
7680851695,BARILLA EXTRA WIDE EGG NO,Type 2,Barilla,12 OUNCE
7680851696,BARILLA WIDE EGG NOODLES,Type 2,Barilla,12 OZ
7680851697,BARILLA RICOTTA SPINACH T,Type 2,Barilla,8 OZ
7680851698,BARILLA TORT THREE CHEESE,Type 2,Barilla,8 OZ
7680851699,BARILLA PORCINI MUSHRM TO,Type 2,Barilla,8 OZ
7680851700,BARILLA RICOTTA ASPARAGUS,Type 2,Barilla,8 OZ
7680851708,BARILLA JUMBO SHELS 12 OZ,Type 2,Barilla,CUST REQST
7680851709,BARILLA MANICOTTI,Type 2,Barilla,8    OZ
7680851798,BARILLA MEDIUM SHELLS,Type 2,Barilla,16 OZ
7680851829,BARILLA TRI-COLOR ROTINI,Type 2,Barilla,12 OZ
7680851917,BARILLA ELBOW Type 2,Type 2,Barilla,16    OZ
7680852007,BARILLA PIPETTE Type 2,Type 2,Barilla,12 OZ
7680852009,BARILLA FIORI SHORT CUT,Type 2,Barilla,16OZ
7680852140,BARILLA TORT CHEES GARLIC,Type 2,Barilla,8 OZ
7680852180,BARILLA SPAGHETTI RIGATI,Type 2,Barilla,15 OZ
7680852289,BARILLA FETTUCCINE RIGATE,Type 2,Barilla,14 OZ
7680852290,BARILLA BUCATINI RIGATI,Type 2,Barilla,14 OZ
7680852291,BARILLA SHORT CUTS TUBINI,Type 2,Barilla,16 OZ
7680852298,BARILLA 3 CHS TORTELLINI,Type 2,Barilla,13 OZ
7680852299,BARILLA CHS/SPIN TORTLNI,Type 2,Barilla,13OZ FMLY
9505900016,BARILLA PLUS SPAGHETTI,Type 2,Barilla Plus,16 OZ
9505900017,BARILLA PLUS THIN SPHGTTI,Type 2,Barilla Plus,16 OZ
9505900019,BARILLA PLUS PENNE,Type 2,Barilla Plus,16 OZ
9505900020,BARILLA PLUS ELBOWS,Type 2,Barilla Plus,16 OZ
9505900021,BARILLA PLUS ROTINI,Type 2,Barilla Plus,16 OZ
9505900040,BARILLA PLUS ANGEL HAIR,Type 2,Barilla Plus,16 OZ
7079624005,BELLINO GNOCCHI W/SPIN,Type 2,Bellino,16 OZ
9921055553,BIONATURE ORG PENNE,Type 2,Bionature,6.5 OZ
4817210042,CARA NONA PSTA GNOCCONI,Type 2,Cara Nona,12.7 OZ
4817210044,CARA NONA PSTA ARMONICHE,Type 2,Cara Nona,12.7 OZ
4767428776,CASTELNA FOGLIE D AUTUNNO,Type 2,Castelna,17.6 OZ
4767441131,CASTELNA TRECCE DEL ORTO,Type 2,Castelna,17.6 OZ
3587310016,CHINA MANDRN VEG LO MEIN,Type 2,China Mandarin,10 OZ
3587310019,CHINA MNDRN SSM CHIC NDLS,Type 2,China Mandarin,10 OZ
3915321163,COLAVTA PSTA LONG FUSILLI,Type 2,Colavita,16    OZ
3915321265,COLAVITA CAPELLINI NIDI,Type 2,Colavita,16 OZ
3915321268,COLAVITA FETUCCINE NEST,Type 2,Colavita,16 OZ
3915321270,COLAVITA WIDE NEST,Type 2,Colavita,1 LB
3915331267,COLAVITA SPINACH NEST,Type 2,Colavita,16 OZ
3915341284,COLAVITA ELBO MACR ASST,Type 2,Colavita,1 LB
1510000001,CRMET ELBW MACARONI SMALL,Type 2,Creamette,7 OZ
1510000003,CREAMETTE JUMBO ELBOW MAC,Type 2,Creamette,16 OZ
1510000004,CRMET SHELLS SMALL,Type 2,Creamette,7 OZ
1510000007,CREAMETTE ELBOW MACARONI,Type 2,Creamette,N     1 LB
1510000011,CREAMETTE ELBO MACARONI,Type 2,Creamette,32 OZ
1510000013,CREAMETTE VERMICELLI,Type 2,Creamette,N     1 LB
1510000014,CREAMETTE ROTINI RAINBOW,Type 2,Creamette,1 LB
1510000016,CREAMETTE WAGON WHEELS,Type 2,Creamette,16 OZ
1510000017,CRMET LONG SPAG,Type 2,Creamette,7 OZ
1510000018,CRMET VERMICELLI,Type 2,Creamette,7 OZ
1510000026,CRMET EGG NOODLES-WIDE,Type 2,Creamette,1 LB
1510000027,CREAMETTE X-WIDE NOODLE,Type 2,Creamette,16  OZ
1510000031,CREAMETTE LASAGNA MACR,Type 2,Creamette,16  Z
1510000039,CREAMETTE MOSTACCIOLI,Type 2,Creamette,16 OZ
1510000042,CREAMETTE SPAGHETTI THIN,Type 2,Creamette,32 OZ
1510000043,CREAMETTE SPAGHETTI,Type 2,Creamette,16 OZ
1510000044,CRMET THIN SPAGHETTI,Type 2,Creamette,7 OZ
1510000048,CREAMETTE THIN VERMICELLI,Type 2,Creamette,32 OZ
1510000049,CREAMETTE MANICOTTI,Type 2,Creamette,8 OZ
1510000069,CREAMETTE KDS CLB ELBOW S,Type 2,Creamette,16 OZ
1510000072,CREAMETTE KDS CLB TWISTS,Type 2,Creamette,16 OZ
1510000073,CREAMETTE SHELL MEDIUM,Type 2,Creamette,1 LB
1510000160,SO CREAMETTE JUMBO SHELLS,Type 2,Creamette,12 OZ
1510000162,CREAMETTE SPAGHETTI,Type 2,Creamette,2 LB
1510000163,CREAMETTE SPAGHETTI THIN,Type 2,Creamette,16OZ
1510000167,CREAMETTE ANGEL HAIR PSTA,Type 2,Creamette,16 OZ
1510000236,CREAMETTE PENNE RIGATE,Type 2,Creamette,16 OZ
1510000256,CREAMETTE ROTINI MACARONI,Type 2,Creamette,16  OZ
1510000327,CREAMETTE BOW TIES,Type 2,Creamette,12 OZ
1510000401,CREAMETTE FETTUCCINE,Type 2,Creamette,12 OZ
8798480301,CUCINA V G POTATO/SPINACH,Type 2,Cucina,17.5 OZ
7914730119,DARIELLE PENNE Type 2,Type 2,Darielle,12 OZ
7914730169,DARIELLE ELBOWS Type 2,Type 2,Darielle,12 OZ
7914730189,DARIELLE MEZZE PENNE PSTA,Type 2,Darielle,12 OZ
7067000690,DAVINCI GNOCCHI W/POTATO,Type 2,DaVinci,16 OZ
7067000697,DAVINCI FUSILE TRI COLOR,Type 2,DaVinci,16 OZ
7067000721,DA VINCI LASAGNA 16 OZ,Type 2,DaVinci,KH# 6862
7067000722,DA VINCI FETTUCCINE,Type 2,DaVinci,1 LB
7067000723,DA VINCI LINGUINE,Type 2,DaVinci,16 OZ
7067000725,DA VINCI SPAG/VERMICELLI,Type 2,DaVinci,1 LB
7067000726,DAVINCI\Type 2 SPAGHETTI,Type 2,DaVinci,16 OZ
7067000727,DA VINCI RIGATONI,Type 2,DaVinci,P    16 OZ
7067000728,DA VINCI FUSILLI SPRINGS,Type 2,DaVinci,1 LB
7067000729,DAVINCI RIGATE MOSTACO,Type 2,DaVinci,16 OZ
7067000730,DA VINCI GNOCCHI,Type 2,DaVinci,16 OZ
7067000731,DAVINCI CONCHI SEA SHELLS,Type 2,DaVinci,16 OZ
7067000732,DA VINCI ROTELLE WAGON WH,Type 2,DaVinci,16 OZ
7067000733,DA VINCI ROSE MARIA ORZO,Type 2,DaVinci,1 LB
7067000735,DA VINCI FARFALLE MEDIA B,Type 2,DaVinci,1 LB
7067000736,DA VINCI CANNELONI MANICOTTI,Type 2,DaVinci,8 OZ
7067000738,DA VINCI SPINACH NESTS,Type 2,DaVinci,16 OZ
7067000739,DA VINCI FETTUCCINE NESTS,Type 2,DaVinci,16 OZ
7067000740,DAVINCI CUT ZITI,Type 2,DaVinci,16 OZ
7067000741,DA VINCI ROTINI,Type 2,DaVinci,1 LB
7067000742,DA VINCI JUMBO SHELLS,Type 2,DaVinci,P    12 OZ
7067000749,DAVINCI VARITY TRI COLOR,Type 2,DaVinci,16 OZ
7067000751,DAVINCI ANGEL HAIR NESTS,Type 2,DaVinci,1 LB
7067000840,DAVINCI REGULR TORTELLINI,Type 2,DaVinci,7    OZ
7067000841,DAVINCI SPINCH TORTELLINI,Type 2,DaVinci,7    OZ
7067000843,DAVINCI MULTCLR TORTELLIN,Type 2,DaVinci,7    OZ
7067000846,DA VINCI WHL WHT PENNE,Type 2,DaVinci,12 OZ
7067000847,DA VINCI WHL WHT ELBOWS,Type 2,DaVinci,12 OZ
7067000871,DAVINCI ORG SPAGHETTI,Type 2,DaVinci,16    OZ
7067000872,DA VINCI ITL ORG FETTUCIN,Type 2,DaVinci,1 LB
7067000875,DA VINCI ITL ORG PENNE,Type 2,DaVinci,1 LB
7067000876,DA VINCI ITL ORG ROTINI,Type 2,DaVinci,P     1 LB
7067000877,DA VINCI ITL ORG BOWTIES,Type 2,DaVinci,1 LB
2409407006,DECECCO FETTUCINI,Type 2,Dececco,16 OZ
2409407007,DECECCO LINGUINE,Type 2,Dececco,16 OZ
2409407009,DECECCO CAPELLINI    16OZ,Type 2,Dececco,KH# 8652
2409407011,DECECCO SPAGHETTINI  16OZ,Type 2,Dececco,KH# 8651
2409407012,DECECCO SPAGHETTI    16OZ,Type 2,Dececco,KH# 8623
2409407024,DE CECCO Type 2 RIGATONI,Type 2,Dececco,1 LB
2409407034,DECECCO FUSILLI      16OZ,Type 2,Dececco,KH# 13384
2409407040,DECECCO PENNE REGATE 16OZ,Type 2,Dececco,KH# 8525
2409407041,DECECCO PENNE RIGATE 16OZ,Type 2,Dececco,KH# 8627
2409407050,DE CECCO CONCHIGLIE RIGATTI 50,Type 2,Dececco,16 OZ
2409407054,DE CECCO ROTELLO WHEEL 54,Type 2,Dececco,16 OZ
2409407093,DECECCO FARFALLE BOW TIES,Type 2,Dececco,16 OZ
2409407118,DECECCO ZITA MACARONI,Type 2,Dececco,16 OZ
2409411034,DECECCO TRI COLOR FUSILLI,Type 2,Dececco,16 OZ
2409411093,DECECCO TRICOLOR FARFALLE,Type 2,Dececco,16 OZ
2409427007,DECECCO LINGUINI,Type 2,Dececco,17.5 OZ
2409427012,DEC WHOLE WHEAT SPAGHETTI,Type 2,Dececco,17 OZ
2409427034,DE CEC FUSILLI WHL WHEAT,Type 2,Dececco,16 OZ
2409427041,DE CEC PENNE RGT WH WHEAT,Type 2,Dececco,16 OZ
2409437007,DECECCO SINACH LINGUINE,Type 2,Dececco,16 OZ
2409437012,DECECCO SPINACH SPAGHETTI,Type 2,Dececco,16 OZ
2409437034,DE CECCO SPINACH FUSILLI,Type 2,Dececco,16 OZ
2409437041,DECECCO Type 2 SPIN PEN RI,Type 2,Dececco,16 OZ
8016301100,DEFINO NO BOIL LASAGNA,Type 2,Defino,8 OZ
7546203420,DELL ALPE TORTELLINI 7 OZ,Type 2,Dell Alpe,%KH# 9390
7546203425,DEL ALPE TRI CLR TORTELLINI,Type 2,Dell Alpe,7 OZ
7546203435,DEL ALPE CHEESE RAVIOLINI,Type 2,Dell Alpe,7 OZ
7546203706,DELL ALPE FETTUCINE,Type 2,Dell Alpe,16 OZ
7546203734,DELL ALPE FUSILLI,Type 2,Dell Alpe,16 OZ
7546203810,DEL ALPE EGG FETTUCINE 8Z,Type 2,Dell Alpe,KH# 18280
7546203812,DELL ALPE SPNCH FETTUCINE,Type 2,Dell Alpe,8 OZ
7546203814,D A TRI COLR FETTUCINE 8Z,Type 2,Dell Alpe,KH# 18283
7546203818,DEL ALPE BASIL TOM LINQUI,Type 2,Dell Alpe,8 OZ
7546203820,DEL ALPE BASIL/GRLC LINQUINE,Type 2,Dell Alpe,8 OZ
7546203825,DEL ALPE SPNCH/EGG ANG,Type 2,Dell Alpe,8 OZ
7546203826,DEL ALPE ANGEL HAIR 8 OZ,Type 2,Dell Alpe,KH# 18277
7546203832,DEL ALPE LEM PEP LINGUINE,Type 2,Dell Alpe,8 OZ
7546203834,DEL ALPE HOT FETT ARRA,Type 2,Dell Alpe,8 OZ
7546203836,DEL ALPE PARSLEY PARM,Type 2,Dell Alpe,8 OZ
6738703004,DREAMFIELD SPAGHETTI,Type 2,Dreamfield,16 OZ
6738703009,DREAMFIELD ELBOW MAC,Type 2,Dreamfield,16 OZ
6738703019,DREAMFIELD PENNE RIGATE,Type 2,Dreamfield,16 OZ
6738703055,DREAMFIELD LINGUINE,Type 2,Dreamfield,16 OZ
8692481596,EDD OG VEG ALPHABETS,Type 2,Edd Og,12 OZ
7518100810,EDDIE DVEG CONFETTI Type 2,Type 2,Eddie,12 OUNCE
7518100817,EDD OG VEG ALPHABETS,Type 2,Eddie,12 OZ
2418201158,EDEN TAMARI SAUCE      ED,Type 2,Eden,10 OZ
789312112,ELENAS QTRO A/H PSTA W/SC,Type 2,Elena's,12 OZ
789316104,ELENAS TRE RNBW LNG Type 2,Type 2,Elena's,12 OZ
3687101163,FARM STYLE EGG NDL WIDE CUT,Type 2,Farm Style,16 OZ
7140303210,FERRARA GNOCCHI W/POTATO,Type 2,Ferrara,16 OZ
7140303301,FERRARA LASAGNA BXD,Type 2,Ferrara,16 OZ
7140303303,FERRARA JUMBO SHELLS BXD,Type 2,Ferrara,12 OZ
7140303309,FERRARA CAPELLINI Type 2,Type 2,Ferrara,16 OZ
7140303340,FERRARA PENNE MOSTACCIOLI,Type 2,Ferrara,16 OZ
1140060206,GOOCH SOY ENRCH SPAGH,Type 2,Gooch,16 OZ
1510002700,HEALTHY HARVEST ROTINI,Type 2,Healthy Harvest,13.25 OZ
1510002701,CRMET HLTHY HRVST ELBOWS,Type 2,Healthy Harvest,13.25 OZ
1510002702,HEALTHY HARVEST SPAHETTI,Type 2,Healthy Harvest,13.25 OZ
1510002703,HEALTHY HARVEST THIN SPAG,Type 2,Healthy Harvest,13.25 OZ
7151800016,*HODGE WHEAT SPAGHETTI,Type 2,Hodgson Mills,16 OZ
7151800017,*HODGE WHEAT LASAGNA,Type 2,Hodgson Mills,8 OZ
7151800018,H M WHL WHT ELBOW MACARONI,Type 2,Hodgson Mills,16 OZ
7151800020,H M WHL WHT EGG NOODLES,Type 2,Hodgson Mills,12 OZ
7151800022,HODGSON WW SPINACH SPA,Type 2,Hodgson Mills,16 OZ
7151800023,H M WHL WHEAT FETTUCCINI,Type 2,Hodgson Mills,P    12 OZ
7151800024,HODG MILL WHO WHT SPIRALS,Type 2,Hodgson Mills,NO TAG
7151800025,HODGSON SEMO VEGGIE BO,Type 2,Hodgson Mills,16.00  OZ
7151800026,HOD MILL VEGGIE ROTINI,Type 2,Hodgson Mills,N    16 OZ
7151800030,H M WHL WHT RADIATORE 16Z,Type 2,Hodgson Mills,KH# 20749
7151800033,H M WHL WHT ANGEL HAIR,Type 2,Hodgson Mills,16 OZ
7349015069,KEDEM SAVION ELBOWS,Type 2,Kedem,12 OZ
2100007212,KRFT DLX OTG W/MARNRA SCE,Type 2,Kraft,6.75 OZ
2100007213,VELVEETA O-T-G SHLL W/CHS,Type 2,Kraft,6.75 OZ
2100077260,KRAFT 5 PK MAC & CHEESE,Type 2,Kraft,7.25 OZ
2924300500,LA MODERNA FIDEO COIL PST,Type 2,La Moderna,7 OZ
2682500951,LA RUSSA REGULAR EGG NOODLE PL,Type 2,La Russa,##########
2800069180,MAGGI SPAETZLE IMPORT,Type 2,Maggi Spaetzle,10 OZ
8616800119,MLINOTST WIDE NOODLES,Type 2,Mlinotst,17.5 OZ
8616800120,MLINOTST FINE NOODLES,Type 2,Mlinotst,17.5 OZ
2810003300,MOTHERS FINE EGG NOODLES,Type 2,Mother's,10 OZ
2810003301,MOTHERS MEDM EGG NOODLES,Type 2,Mother's,10 OZ
2810003302,MOTHERS WIDE EGG NOODLES,Type 2,Mother's,10 OZ
2810003304,MOTHERS NO YLK WD EGG NOD,Type 2,Mother's,10 OZ
7209800100,M WEISS X-FINE NOODLES,Type 2,Mrs Weiss,10 OZ
7209800102,WEISS W NOODLES 9297,Type 2,Mrs Weiss,10 OZ
7209800200,MRS WEISS KLUSKI NOODLES,Type 2,Mrs Weiss,8 OUNCE
7209800250,MRS WEISS KLUSKI EGG NDL,Type 2,Mrs Weiss,16 OZ
2920000102,MUELLER SPAGHETTI,Type 2,Mueller,8 OZ
2920000103,MUELLER ELBOWS,Type 2,Mueller,8 OZ
2920000104,MUELLER THIN SPAGHETTI,Type 2,Mueller,8 OZ
2920000153,MUELLERS TRI COLOR TWISTS,Type 2,Mueller,12 OZ
2920000164,MUELLER Type 2 RUFFLES,Type 2,Mueller,16 OZ
2920000205,MUELLER FETTUCCINE Type 2,Type 2,Mueller,16 OZ
2920000206,MUELLER ANGEL HAIR Type 2,Type 2,Mueller,16 OZ
2920000212,MUELLER SPAGHETTI,Type 2,Mueller,1 LB
2920000213,MUELLER ELBOW MACARONI,Type 2,Mueller,16 OZ
2920000214,MUELLER THIN SPAGHETI,Type 2,Mueller,16 OZ
2920000215,MUELLERS SEA SHELL,Type 2,Mueller,16 OZ
2920000216,MUELLERS READY CUT,Type 2,Mueller,16 OZ
2920000217,MUELLERS ROTINI TWISTS,Type 2,Mueller,16 OZ
2920000218,MUELLER VERMICELLI,Type 2,Mueller,1 LB
2920000300,MUELLER LASAGNA,Type 2,Mueller,8 OZ
2920000301,MUELLER LASAGNE,Type 2,Mueller,1 LB
2920000350,MUELLER ELBO MACARONI,Type 2,Mueller,32 OZ
2920000351,MUELLER THIN SPAGHETTI,Type 2,Mueller,32 OZ
2920000352,MUELLER REG SPAGHETTI,Type 2,Mueller,2 LB
2920000421,MUELLER ELBO MACARO,Type 2,Mueller,3LB
2920000703,MUELLER O/F EGG NDL WIDE,Type 2,Mueller,8 OZ
2920000753,MUELLER O/F EGG NOODLES,Type 2,Mueller,12 OZ
2920000771,MUELLERS BOW TIES,Type 2,Mueller,16 OZ
2920000812,MUELR MED EGG NOODLE,Type 2,Mueller,16 OZ
2920000813,MUELLER O/F EGG NDL WIDE,Type 2,Mueller,1 LB
4732500750,MUELLER R/C ELBOWS,Type 2,Mueller,12 OZ
4732500751,MUELLER R/C PENNE RIGATE,Type 2,Mueller,12 OZ
4732500752,MUELLER R/C ROTINI,Type 2,Mueller,12 OZ
4732500753,MUELLER R/C SPAGHETTI,Type 2,Mueller,12 OZ
4732500754,MUELLER R/C LASAGNA,Type 2,Mueller,12 OZ
4732530205,MUELLER MINI PENNE,Type 2,Mueller,16 OZ
4732530208,ITALIAN MOSTACCIOLI,Type 2,Mueller,17.7 OZ
7173000715,NO YOLKS EXTRA BROAD NOOD,Type 2,No Yolks,12 OZ
7173000716,NO YOLKS BROAD EGG NOODLE,Type 2,No Yolks,12 OZ
7173000720,NO YOLKS DUMPLINGS NOODLE,Type 2,No Yolks,12 OZ
7173000722,NO YOLKS X BRD EGG NOODLE,Type 2,No Yolks,6 OZ
7173000728,NO YOLKS BROAD EGG NOODLE,Type 2,No Yolks,6 OZ
7173000729,NO YOLKS DMPLNGS EGG NDLS,Type 2,No Yolks,6 OZ
7173000731,NO YOLKS FINE EGG NOODLES,Type 2,No Yolks,6 OZ
7065070052,NOTTA Type 2 LINGUINE,Type 2,Notta,1 LB
7065070053,NOTTA Type 2 FETTUCCINE,Type 2,Notta,P     1 LB
6806202137,ORZO ITALType 2,Type 2,Orzo,2 LB
4017367004,Type 2 SHP XMAS TREE Type 2,Type 2,Type 2 Shoppe,10OZ
4017367005,Type 2 SHOPPE SANTA Type 2,Type 2,Type 2 Shoppe,10OZ
4017367008,Type 2 SHOP HALLOWEEN PSTA,Type 2,Type 2 Shoppe,10OZ
4017367011,Type 2 SHOPPE HEARTS Type 2,Type 2,Type 2 Shoppe,14 OZ
4017367013,Type 2 SHOPPE GD LUCK PSTA,Type 2,Type 2 Shoppe,14 OZ
4017367015,PSTA SHP FALL HRVST Type 2,Type 2,Type 2 Shoppe,10OZ
4017367016,P S GNGRBREAD MAN Type 2,Type 2,Type 2 Shoppe,10OZ
4017367017,P S SNOWMAN Type 2,Type 2,Type 2 Shoppe,10OZ
4017367018,Type 2 SHOPPE GRLFRND PSTA,Type 2,Type 2 Shoppe,14 OZ
4017367029,Type 2 SHOP TAILGATE Type 2,Type 2,Type 2 Shoppe,10OZ
4017367041,PSTA SHP APPL ORCHRD PSTA,Type 2,Type 2 Shoppe,10OZ
7021812015,Type 2RISO BRN RICE SPAG,Type 2,Type 2riso,10 OZ
1510002582,PEN DTCH KLUSKI EGG NDLES,Type 2,Pennsylvania Dutch,12 OZ
9999984381,PRIVATE LABEL FARFALLE BOX,Type 2,Private Label,12 OZ
9999985001,PRIVATE LABEL THIN SPAGHETTI,Type 2,Private Label,N     7 OZ
9999985002,PRIVATE LABEL ELBOW MACARONI,Type 2,Private Label,8 OZ
9999985004,PRIVATE LABEL SPAGHETTI REGULAR,Type 2,Private Label,16 OZ
9999985005,PRIVATE LABEL SPAGHETTI REGULAR,Type 2,Private Label,32OZ
9999985006,PRIVATE LABEL SPAGHETTI REGULAR,Type 2,Private Label,48 OZ
9999985020,PRIVATE LABEL THIN SPAGHETTI,Type 2,Private Label,16 OZ
9999985021,PRIVATE LABEL ELBO MACARONI,Type 2,Private Label,16 OZ
9999985027,PRIVATE LABEL LASAGNA Type 2,Type 2,Private Label,16 OZ
9999985028,PRIVATE LABEL RIGATONI,Type 2,Private Label,16 OZ
9999985029,PRIVATE LABEL FETTUCCINI,Type 2,Private Label,12 OZ
9999985033,PRIVATE LABEL PENNE RIGATE,Type 2,Private Label,16 OZ
9999985051,PRIVATE LABEL SPAGHETTI THIN,Type 2,Private Label,32OZ
9999985052,PRIVATE LABEL ELBOW MACARONI,Type 2,Private Label,32 OZ
9999985060,PRIVATE LABEL THIN SPAGHETTI,Type 2,Private Label,48 OZ
9999985061,PRIVATE LABEL ELBOW MACARONI,Type 2,Private Label,48 OZ
9999985067,PRIVATE LABEL VERMICELLI,Type 2,Private Label,16 OZ
9999985068,PRIVATE LABEL ANGEL HAIR Type 2,Type 2,Private Label,16 OZ
9999985070,PRIVATE LABEL SALAD SHELLS,Type 2,Private Label,16 OZ
9999985071,PRIVATE LABEL SALAD ROTINI BAG,Type 2,Private Label,16 OZ
9999985072,PRIVATE LABEL RAINBOW SALAD TWIRLS BAG,Type 2,Private Label,12 OZ
9999985126,PRIVATE LABEL EXTRA WIDE NOODLES,Type 2,Private Label,16 OZ
9999985127,PRIVATE LABEL WIDE EGG NOODLES,Type 2,Private Label,16 OZ
9999985128,PRIVATE LABEL MEDIUM NOODLES,Type 2,Private Label,16 OZ
9999985132,PRIVATE LABEL YOLK FREE NOODLES,Type 2,Private Label,12 OZ
9999985133,PRIVATE LABEL SPAGHETTI,Type 2,Private Label,8 OZ
9999985134,PRIVATE LABEL LINGUINE,Type 2,Private Label,16 OZ
9999985165,PRIVATE LABEL BOWTIES,Type 2,Private Label,12 OZ
9999985215,PRIVATE LABEL GEMELLI,Type 2,Private Label,16 OZ
9999985216,PRIVATE LABEL ORZO,Type 2,Private Label,16 OZ
9999985217,PRIVATE LABEL ALPHABETS,Type 2,Private Label,16 OZ
9999985003,PRIVATE LABEL LEMON PEPPER PENNE RIG,Type 2,Private Label Premium,12 OZ
9999985031,PRIVATE LABEL CAPELLINI ANGEL HAIR,Type 2,Private Label Premium,16 OZ
9999985032,PRIVATE LABEL LINGUINE SPAGHETTI,Type 2,Private Label Premium,16 OZ
9999985036,PRIVATE LABEL SPAGHETTI Type 2,Type 2,Private Label Premium,16 OZ
9999985037,PRIVATE LABEL SPAGHETTINIType 2,Type 2,Private Label Premium,16 OZ
9999985038,PRIVATE LABEL FETTUCCINE SPAGHETI,Type 2,Private Label Premium,16 OZ
9999985039,PRIVATE LABEL BUCATINI PERCIATELLI,Type 2,Private Label Premium,16 OZ
9999985040,PRIVATE LABEL GEMELLI MACARONI,Type 2,Private Label Premium,16 OZ
9999985045,PRIVATE LABEL ORECCHIETTE MACARON,Type 2,Private Label Premium,16 OZ
9999985046,PRIVATE LABEL PENNE LISCE MOSTACCIO,Type 2,Private Label Premium,16 OZ
9999985047,PRIVATE LABEL PENNE RIGATE,Type 2,Private Label Premium,16 OZ
9999985048,PRIVATE LABEL FARFALLE BOWTIES,Type 2,Private Label Premium,16 OZ
9999985049,PRIVATE LABEL RIGATONI(MANICHE R),Type 2,Private Label Premium,16 OZ
9999985050,PRIVATE LABEL FUSILLI-ROTINI-SPRL,Type 2,Private Label Premium,16 OZ
9999985053,PRIVATE LABEL CONCHIGLIE RIGATE SHL,Type 2,Private Label Premium,16 OZ
9999985054,PRIVATE LABEL CAMPANELLE,Type 2,Private Label Premium,16 OZ
9999985055,PRIVATE LABEL TORTIGLIONI PSTA,Type 2,Private Label Premium,16 OZ
9999985056,PRIVATE LABEL CAVATAPPI Type 2,Type 2,Private Label Premium,16 OZ
9999985058,PRIVATE LABEL DITALLINI MACARONI,Type 2,Private Label Premium,16 OZ
9999985059,PRIVATE LABEL STARS MACARONI,Type 2,Private Label Premium,16 OZ
9999985066,PRIVATE LABEL ACINI DE PEPE SOUP CUT,Type 2,Private Label Premium,16 OZ
9999985093,PRIVATE LABEL ORZO MACARONI,Type 2,Private Label Premium,16 OZ
9999985130,PRIVATE LABEL RST GARLIC & HERB THIN,Type 2,Private Label Premium,12 OZ
9999985131,PRIVATE LABEL IMPORTED LASAGNA,Type 2,Private Label Premium,16 OZ
9999985137,PRIVATE LABEL ITALIAN MANICOTTI,Type 2,Private Label Premium,8.8 OZ
9999985488,PRIVATE LABEL ITAL NESTED ANGEL HAIR,Type 2,Private Label Premium,16 OZ
9999985766,PRIVATE LABEL ITALIAN TRI COLORE CRE,Type 2,Private Label Premium,16 OZ
9999908441,PRIVATE LABEL ELBOW MACARONI,Type 2,Private Label Value,4 LB
9999908446,PRIVATE LABEL SPAGHETTI,Type 2,Private Label Value,4 LB
9999908451,PRIVATE LABEL X WIDE EGG NOODLES,Type 2,Private Label Value,1 LB
9999981173,PRIVATE LABEL ELBOW MACARONI,Type 2,Private Label Value,4 LB
9999981174,PRIVATE LABEL SPAGHETTI,Type 2,Private Label Value,4 LB
9999981175,PRIVATE LABEL X WIDE EGG NOODLES,Type 2,Private Label Value,1 LB
9999982583,PRIVATE LABEL ELBOW MACARONI,Type 2,Private Label Value,2 LB
9999982584,PRIVATE LABEL SPAGETTI,Type 2,Private Label Value,2 LB
8912527000,QUINOA W/F Type 2 SHELL 8Z,Type 2,Quinoa,KH# 39724
7171000134,R&F VERMICELLI,Type 2,R&F,16 OZ
7171000138,R&F MOSTACCIOLI Type 2,Type 2,R&F,16 OZ
7171000159,R&F CURLY LASAGNA,Type 2,R&F,16 OZ
7171000177,RF MANICOTTI,Type 2,R&F,8 OZ
7171000225,R&F SPAGHETTI-POLY,Type 2,R&F,12 OZ
7171000670,R&F KLUSKI NOODLES,Type 2,R&F,12 OUNCE
4747900026,RAOS Type 2 SPAGHETTI,Type 2,Raos,17 OZ
4747900027,RAOS Type 2 LINGUINE,Type 2,Raos,17 OZ
4747900029,RAOS Type 2 PENNE RIGATE,Type 2,Raos,17 OZ
4747900034,RAOS Type 2 RIGATONI,Type 2,Raos,17.6 OZ
4747900035,RAOS Type 2 FUSILLI,Type 2,Raos,17 OZ
4747900037,RAOS Type 2 STROZZAPPRETI,Type 2,Raos,17 OZ
4747900038,RAOS Type 2 TRI-CLR FARFLL,Type 2,Raos,17 OZ
4747900040,RAOS Type 2 CASERECCE,Type 2,Raos,17 OZ
3340006500,RONZONI H H ROTINI,Type 2,Ronzoni,13.25 OZ
3340006501,SAN GIO H H ELBOWS,Type 2,Ronzoni,13.25 OZ
3340006502,RONZONI HH SPAGHETTI,Type 2,Ronzoni,13.25 OZ
3340006503,RONZONI HH THIN SPAGHETTI,Type 2,Ronzoni,13.25 OZ
3340006504,RONZONI HH PENNE RIGATE,Type 2,Ronzoni,13.25 OZ
3340006508,RONZONI HH XWIDE NOODLE,Type 2,Ronzoni,12 OZ
7130000001,RONZONI ZITI RIGATI,Type 2,Ronzoni,16 OZ
7130000002,RONZONI CUT ZITI,Type 2,Ronzoni,16 OZ
7130000008,RONZONI SPAGHETTI #8,Type 2,Ronzoni,16 OZ
7130000009,RONZONI\THIN SPAG NOODLES,Type 2,Ronzoni,16 OZ
7130000010,RONZONI VERMICELLI #10,Type 2,Ronzoni,16 OZ
7130000011,RONZONI CAPELLINI,Type 2,Ronzoni,SO   16 OZ
7130000012,RONZONI ANGEL HAIR Type 2,Type 2,Ronzoni,12 OZ
7130000017,RONZONI LINGUINE NO 17,Type 2,Ronzoni,1 LB
7130000020,RONZONI ANGEL HAIR Type 2,Type 2,Ronzoni,16 OZ
7130000022,RONZONI MEDIUM SHELLS,Type 2,Ronzoni,16 OZ
7130000027,RONZONI\RIGATONI NOODLES,Type 2,Ronzoni,16 OZ
7130000035,RONZONI ELBOW MACARONI,Type 2,Ronzoni,16 OZ
7130000036,RONZONI CVTPPI ELBW TWIST,Type 2,Ronzoni,16 OZ
7130000047,RONZONI ORZO NO 47,Type 2,Ronzoni,1 LB
7130000063,RONZONI TRI COLOR ROTINI,Type 2,Ronzoni,12 OZ
7130000066,RONZONI BOW TIES,Type 2,Ronzoni,CR   16 OZ
7130000075,RONZONI ROTINI,Type 2,Ronzoni,16 OZ
7130000076,RONZONI PENNE RIGATE,Type 2,Ronzoni,16 OZ
7130000080,RONZONI CURLY LASAGNE NO,Type 2,Ronzoni,1 LB
7130000081,RONZONI\OVEN RDY LASAGNE,Type 2,Ronzoni,8 OZ
7130000086,RONZONI MOSTACCIOLI RGATI,Type 2,Ronzoni,16 OZ
7130000088,RONZONI SPAGHETTI,Type 2,Ronzoni,8 OZ
7130000122,RONZONI TRIO ITALIANO,Type 2,Ronzoni,16 OZ
7130000124,RONZONI ROTELLE,Type 2,Ronzoni,16 OZ
7130000126,RONZONI GERMELLI,Type 2,Ronzoni,16 OZ
7130000135,RONZONI FETTUCCINE FLORENTINE,Type 2,Ronzoni,12 OZ
7130000136,RONZONI\ROASTED GAR FETT,Type 2,Ronzoni,12 OZ
7130000140,RONZONI TOM BSL LINGUINE,Type 2,Ronzoni,12 OZ
7130000141,RONZONI LMN PPR ANGL HAIR,Type 2,Ronzoni,12 OZ
7130030010,RONZONI 3 CHS TORTELLINI,Type 2,Ronzoni,8.8 OZ
7130030011,RONZONI RICOTTA/SPIN TORT,Type 2,Ronzoni,8.8 OZ
7130030013,RONZONI CHS/GRLC TORTELLI,Type 2,Ronzoni,8.8 OZ
3340060108,SAN GRGO SPAGHETTI,Type 2,San Giorgio,16 OZ
3340060109,SAN GRGO THIN SPAGHETTI,Type 2,San Giorgio,P     1 LB
3340060110,SAN GIORGIO VERMICELI,Type 2,San Giorgio,P    16 OZ
3340060123,SAN GRGO RIGATONI,Type 2,San Giorgio,16 OZ
3340060125,SAN GIORGIO ROTELLE,Type 2,San Giorgio,1 LB
3340060128,SAN GRGO CUT ZITE,Type 2,San Giorgio,16 OZ
3340060135,SAN GRGO ELBOW MACARONI,Type 2,San Giorgio,16 OZ
3340060148,SAN GRGO ACINI DI PEPE,Type 2,San Giorgio,1 LB
3340060150,SAN GRGO LG SHELLS,Type 2,San Giorgio,16 OZ
3340060171,SAN GIORGIO FARFALLE,Type 2,San Giorgio,12 OZ
3340060175,SAN GRGO MOST RIGATI,Type 2,San Giorgio,16 OZ
3340060176,SAN GRGO ROTINI,Type 2,San Giorgio,1 LB
3340060177,SAN GIORGI TRIO ITALIANO,Type 2,San Giorgio,16 OZ
3340060178,SAN GIORGIO MAFALDA,Type 2,San Giorgio,12 OZ
3340060179,SAN GRGO RIPPLED LASAGNA,Type 2,San Giorgio,1 LB
3340060198,SAN GIORGIO N/EGG FETTCCN,Type 2,San Giorgio,16 OZ
3340060208,SAN GRGO SPAGHETTI,Type 2,San Giorgio,2 LB
3340060209,S G SPAGHETTINI,Type 2,San Giorgio,2 LB
3340060708,SAN GIORGI SPAGHETTI,Type 2,San Giorgio,7 OZ
3340060709,SAN GIORGI THIN SPAGHETTI,Type 2,San Giorgio,7 OZ
3340060751,SAN GIORGIO SHELLS,Type 2,San Giorgio,7 OZ
3340060833,SAN GRGO MANICOTTI,Type 2,San Giorgio,8 OZ
3340060980,LIGHT N FLUFFY X-WIDE NOODLES,Type 2,San Giorgio,8 OZ
3340060983,LIGHT N FLUFFY WIDE NOODLES,Type 2,San Giorgio,8 OZ
3340061125,LGHT N FLFY MACARONI DUMP,Type 2,San Giorgio,12 OZ
3340061126,LIGHT N FLUFFY RIPPLETS,Type 2,San Giorgio,12 OZ
3340061127,LIGHT N FLUFFY RAINBOW TW,Type 2,San Giorgio,12 OZ
3340061147,SAN GRGO ALPHABETS,Type 2,San Giorgio,12 OZ
3340061152,SAN GRGO JUMBO SHELLS,Type 2,San Giorgio,12 OZ
3340061192,SAN GRGO GRLC&HRB FETTCNI,Type 2,San Giorgio,12 OZ
3340061193,SAN GRGO FETTUCCINI FLORENTINE,Type 2,San Giorgio,12 OZ
3340061198,SAN GRGO FETTUCCINI NDLS,Type 2,San Giorgio,P    12 OZ
3340061280,LGT N FLUFFY XWIDE EGG ND,Type 2,San Giorgio,12 OZ
3340061282,LGT N FLUFFY MED EGG NDLS,Type 2,San Giorgio,12 OZ
3340061283,LGT N FLUFFY WIDE EGG NDL,Type 2,San Giorgio,12 OZ
3261211702,SUGAR BUSTER SPAGHETTI,Type 2,Sugar Buster,16 OZ
3261211705,SUGAR BUSTER SPIRALS,Type 2,Sugar Buster,CR   16 OZ
2706457001,VITA SPELT WHOLE GRAIN EGG NOO,Type 2,Vita,##########
7173000676,WACKY MAC VEGGIE SPIRALS,Type 2,Wacky Mac,12 OZ
7173000677,WACKY MAC VEGGIE SHAPES,Type 2,Wacky Mac,12 OZ
7107200406,ALESSI FRA DIAVOLO SAUCE,Type 3,Alessi,24 OZ
7107201237,ALESSI PESTO SAUCE,Type 3,Alessi,3.5 OZ
7224825064,AMORE PESTO IN TUBES,Type 3,Amore,2.8 OZ
2472200003,ANNARINO MEAT SAUCE,Type 3,Annarino,31.5 OZ
2472200004,ANNARINO MEATLESS SAUCE,Type 3,Annarino,31.5 OZ
2472200005,ANNARINO MUSHROOM SAUCE,Type 3,Annarino,31 1/2 OZ
2472200010,ANNARINO MARINARA SAUCE,Type 3,Annarino,32 OZ
4127857643,B F Type 2 SCE MARINARA,Type 3,B F,24 OZ
601011292,BARILLA MARINARA PSTA SCE,Type 3,Barilla,26    OZ
601011293,BARILLA SWT PEPPER/GARLIC,Type 3,Barilla,26 OUNCE
601011294,BARILLA ARRABBIATA SPCY P,Type 3,Barilla,26 OZ
601011295,BARILLA\BL GRN OLIVE SCE,Type 3,Barilla,26 OZ
601011296,BARILLA BASILICO SAUCE,Type 3,Barilla,26 OZ
601011297,BARILLA CHAMAPNOLA SAUCE,Type 3,Barilla,26 OZ
601011301,BARILLA LASAG&CASS SAUCE,Type 3,Barilla,26 OZ
601011588,BARILLA BOSCAIOLA SAUCE,Type 3,Barilla,26 OZ
7680852094,BARILLA GDN VEG Type 2 SCE,Type 3,Barilla,26 OZ
7680852138,BARILLA ITALIAN CHEESE SC,Type 3,Barilla,26 OZ
7079691000,BELLINO FLY PREPARE SPAG SCE,Type 3,Bellino,32 OZ
3620000432,BERTOLLI FIVE CHEESE SCE,Type 3,Bertolli,24 OZ
3620000439,BERTOLLI OLV OIL&GRLC SCE,Type 3,Bertolli,24 OZ
3620000470,BERTOLLI TOM&BASIL SAUCE,Type 3,Bertolli,24 OZ
3620000471,BERTOLLI MUSHROOM&GRLC SC,Type 3,Bertolli,26 OZ
3620000473,BERTOLI MRNRA W/BURG WN S,Type 3,Bertolli,24 OZ
3620000474,BERTOLLI ALFREDO SAUCE,Type 3,Bertolli,15 OZ
3620000475,BERTOLLI ALFREDO MSHRM SC,Type 3,Bertolli,15 OZ
3620000476,BERTOLLI VID ON W/RST GRL,Type 3,Bertolli,24 OZ
3620000491,BERTOLLI ITALIAN SAUS SCE,Type 3,Bertolli,26 OZ
3620000492,FIVE BROS GARLIC ALFREDO,Type 3,Bertolli,16    OZ
3620000493,BERTLI MED OLV W/SNDRD TM,Type 3,Bertolli,24 OZ
3620000494,BERTOLLI Type 2 RSTD RD PR,Type 3,Bertolli,26 OZ
3620000507,BERTOLLI VODKA Type 2 SAUC,Type 3,Bertolli,26 OZ
923100001,BOVES MARINARA PSTA SCE,Type 3,Boves,26 OZ
923100002,BOVES RSTD GRL SCE 26 OZ,Type 3,Boves,KH# 71916
923100003,BOVES CHNTI MSHR PSTA SCE,Type 3,Boves,26 OZ
923100004,BOVES RMNO PMDRA PSTA SCE,Type 3,Boves,26 OZ
923100005,BOVES VODKA PSTA SAUCE,Type 3,Boves,26 OZ
923100006,BOVES ROASTED PEPPER SAUC,Type 3,Boves,26 OZ
5861006232,BROTHERS SPAGHETTI SAUCE,Type 3,Brother's,23OZ
4380045001,BUITONI MARINARA SAUCE,Type 3,Buitoni,14 OZ
4380045005,CONTADINA MARINARA SAUCE,Type 3,Buitoni,26 OZ
4380045006,BUITONI MUSHROOM SAUCE,Type 3,Buitoni,26 OZ
4380045007,BUITONI GARDEN VEG SAUCE,Type 3,Buitoni,26 OZ
4380045008,BUITONI TOM/GRLC/ON SAUCE,Type 3,Buitoni,26 OZ
8532801985,CANDONI PESTO CLASSICO,Type 3,Candoni,6.3 OZ
8532801989,CNDO PESTO/SUNDRIED TOMS,Type 3,Candoni,6.3 OZ
8532801991,CNDO PESTO MEDITERRANEAN,Type 3,Candoni,6.3 OZ
7079670001,CENTO WHITE CLAM SAUCE,Type 3,Cento,10.5 OZ
7079670002,CENTO CLAM SAUCE RED,Type 3,Cento,10.5 OZ
6414404236,CHEF PIZZA SAUCE CHEESE,Type 3,Chef Pizza,15 OZ
4112900005,CLSCO BASIL PESTO SAUCE,Type 3,Classico,10 OZ
4112900006,CLASSICO SUN DRIED TOMATO,Type 3,Classico,10    OZ
4112907700,CLSCO SAUCE TOMATO/GARLIC,Type 3,Classico,26 OZ
4112907702,CLSCO SAUCE ITALIAN SAUSG,Type 3,Classico,26 OZ
4112907705,CLASSICO VODKA SAUCE,Type 3,Classico,26 OZ
4112907712,CLSCO SAUCE TOMATOE BASIL,Type 3,Classico,26 OZ
4112907722,CLASSICO MUSH&RIPE OLIVES,Type 3,Classico,26 OZ
4112907742,CLASSICO SPICY RED PEPPER,Type 3,Classico,26 OZ
4112907755,CLASSICO SUN DRIED TOMATO,Type 3,Classico,26 OZ
4112907762,CLASSICO FOUR CHEESE SCE,Type 3,Classico,26 OZ
4112907763,CLASSICO ALFREDO DI ROMA,Type 3,Classico,16    OZ
4112907764,CLSCO ALFREDO ROAST GARLC,Type 3,Classico,16 OZ
4112907769,CLASSICO SUN DRIED TOMATO,Type 3,Classico,16 OZ
4112907775,CLSCO SPICY TOMATO SAUCE,Type 3,Classico,26 OZ
4112907776,CLSCO SAUCE FLORENTINE,Type 3,Classico,26 OZ
4112907782,CLASSICO SORRENTO/GAR SAU,Type 3,Classico,26 OZ
4112907785,CLASSICO\TRIPLE MUSHROOM,Type 3,Classico,26 OZ
4112907787,CLASSICO TOMATO ALFREDO,Type 3,Classico,26 OZ
4112907790,CLASSICO SWEET BASIL MARI,Type 3,Classico,26    OZ
4112927200,CLASSICO GRD VEG PRIMAVER,Type 3,Classico,26 OZ
4112927445,CLSCO CABERNET MARINARA,Type 3,Classico,26 OZ
4112927463,CLASSICO FOUR CHEESE ALFR,Type 3,Classico,16 OZ
4119606056,PROGRESSO WHITE CLAM SCE,Type 3,Classico,15 OZ
4119606063,PROGRESSO RED CLAM SAUCE,Type 3,Classico,15 OZ
4119607102,PROGRESSO MARINARA SCE,Type 3,Classico,12 OZ
3915341401,COLAVITA MARINARA PSTA SCE,Type 3,Colavita,16 OZ
3915341402,COLAVITA HOT TOMATO SC,Type 3,Colavita,16 OZ
3915341403,COLAVITA GARDEN STYLE,Type 3,Colavita,16 OZ
3915341416,COLAVITA MUSHROOM SCE,Type 3,Colavita,16 OZ
3915341421,COLAVITA FREE MARINARA,Type 3,Colavita,16 OZ
3915341422,COLAVITA FF HOT SCE,Type 3,Colavita,16 OZ
3915341423,COLAVITA FF GARDEN SCE,Type 3,Colavita,16 OZ
3915341436,COLAVITA FF MSHRM SCE,Type 3,Colavita,16 OZ
3915341441,COLAVITA PUTTANESCA SCE,Type 3,Colavita,16 OZ
5346901001,DAVES GLDN HRLM PSTA SCE,Type 3,Dave's,26 OZ
5346901002,DAVES SCE ORGNC RD HEIRLM,Type 3,Dave's,26 OZ
5346901003,DAVES WLD MSHRM PSTA SCE,Type 3,Dave's,26 OZ
5346901004,DAVES ORG RSTD GAR&SWT BS,Type 3,Dave's,26 OZ
1488650001,DELL AMORE ORG RECPT SCE,Type 3,Dell Amore,26 OZ
1488650005,DELL AMORE FRSH BASL G,Type 3,Dell Amore,26 OZ
1488688462,DELL AMORE SCE BSL/GRLC,Type 3,Dell Amore,16 OZ
789310100,ELENAS BREAD DIPPING SCE,Type 3,Elena's,16 OZ
789310101,ELENAS BASIL&GARLIC SAUCE,Type 3,Elena's,16 OZ
789310106,ELENA SEMPLICE PMODORO,Type 3,Elena's,17 OZ
789310108,ELENAS FORMAGGIO SAUCE,Type 3,Elena's,16 OZ
789310110,ELENAS AGLIO ARROSTITIO S,Type 3,Elena's,16 OZ
789310201,ELENAS BASILICATA SAUCE,Type 3,Elena's,26.5 OZ
7468309945,EMERIL SCE PEPR PSTA,Type 3,Emeril's,26    OZ
7468309946,EMERIL HOMESTYLE MARINA R,Type 3,Emeril's,25 OZ
7468309947,EMERILS VODKA SAUCE,Type 3,Emeril's,25 OZ
7468309948,EMERILS PUTTANESCA SAUCE,Type 3,Emeril's,25 OZ
7468309949,EMERILS ROSTED GARLIC SCE,Type 3,Emeril's,25 OZ
7468309950,EMERILS KCKD UP TOMATO SC,Type 3,Emeril's,P    25 OZ
7331643113,ENRICO SPAG SCE-TRADTL,Type 3,Enrico,15.5 OZ
7331643210,ENRICO SPAGH SAUCE-N/S,Type 3,Enrico,26 OZ
7140300201,FERRARA WHITE CLAM SAUCE,Type 3,Ferrara,10.5 OZ
2700042232,CHUNKY TOMATO GARLC ONION,Type 3,Hunt's,26 OZ
2700042238,HUNT TRADITIONAL SAUCE,Type 3,Hunt's,26.5 OZ
2700042239,HUNTS SPAG.SAUCE MUSHROOM,Type 3,Hunt's,26 OZ
2700042240,HNT MEAT SPAGHETTI SAUCE,Type 3,Hunt's,26.5 OZ
2700042254,HUNT SPAG SAUCE ITL SAUS,Type 3,Hunt's,26.5 OZ
2700042273,HUNT SPAG SCE ITAL 4 CHSE,Type 3,Hunt's,26 OZ
2700042274,HUNTS SPAG SCE GARLIC/HER,Type 3,Hunt's,26 OZ
2700042292,HUNTS LIGHT TRAD SPAG SCE,Type 3,Hunt's,26.5 OZ
5122300002,JOEYS POTS&PANS VODKA SCE,Type 3,Joey's,24 OZ
4850550721,LUCINI PSTA SCE SPCY TSCA,Type 3,Lucini,25.5 OZ
4850555720,LUCINI PSTA SCE ARTICHOKE,Type 3,Lucini,25.5 OZ
4850555721,LUCINI PSTA SCE OLIVE&WLD,Type 3,Lucini,25.5 OZ
4850555722,LUCINI PSTA SCE EGGPLANT&,Type 3,Lucini,25.5 OZ
8935363153,M C ARRIBIATA SAUCE 26 OZ,Type 3,M C,%KH# 29483
7488810119,MAYACMAS PESTO SAUCE,Type 3,Mayacmas,.50 OZ
7488820201,MAYA HOLLNDAISE SCE MX,Type 3,Mayacmas,1.1 OZ
9690600226,MOM S Type 3 ORIG,Type 3,Mom's,24 OZ
9690600614,TIMPONES MOMS SPGHTTI SCE,Type 3,Mom's,CR   14 OZ
9690602324,MOM S Type 2 SCE SPCL M,Type 3,Mom's,24 OZ
9690602524,MOMS PUTTANESCA SCE 24 OZ,Type 3,Mom's,KH# 58442
2066200019,NEWMANS SAY CHEESE PAS,Type 3,Newman's,26 OZ
2066200020,NEWMANS MARINARA SAUCE,Type 3,Newman's,26 OZ
2066200021,NEWMN OWN MARINARA W/MSHRM SCE,Type 3,Newman's,26 OZ
2066200022,NEWMANS\SOCKAROONI SAUCE,Type 3,Newman's,26 OZ
2066200026,NWMN DIAVOLO SPCY SMR SCE,Type 3,Newman's,26 OZ
2066200028,NEWMN OWN BOMBOLINA Type 2 SCE,Type 3,Newman's,26 OZ
2066200035,NEWMN OWN GARLIC&PPR SCE,Type 3,Newman's,26 OZ
2066200265,NEWMAN SPAG SCE TOM/GRLC,Type 3,Newman's,26 OZ
2066200266,NEWMANS OWN VODKA SAUCE,Type 3,Newman's,26 OZ
2066200267,NEWMANS OWN PESTO/TOM SCE,Type 3,Newman's,26 OZ
2066200269,NEWMANS OWN SAUS/PEPP SCE,Type 3,Newman's,26 OZ
6971911121,PATSY S MARINARA SAUCE,Type 3,Patsy's,16 OZ
6971911131,PATTY  MARINARA SAUCE,Type 3,Patsy's,24 OZ
6971911221,PATSY TOM/BASIL Type 2 SCE,Type 3,Patsy's,16 OZ
6971911231,PATSYS TOMATO BASIL SAUCE,Type 3,Patsy's,24 OZ
6971911321,PATSY FRA-DIAVOLO SAUCE,Type 3,Patsy's,16 OZ
6971911331,PATSYS FRA DIAVOTO SAUCE,Type 3,Patsy's,24 OZ
6971911421,PATSY PUTTANESCA SAUCE,Type 3,Patsy's,16 OZ
6971911431,PATSYS PUTTANESCA SCE 24Z,Type 3,Patsy's,KH# 61780
6971911521,PATSY VODKA Type 3,Type 3,Patsy's,16 OZ
6971911531,PATSYS VODKA SAUCE 24 OZ,Type 3,Patsy's,KH# 61779
6971911721,PATSY PIZZALOLA SAUCE,Type 3,Patsy's,16 OZ
6971911731,PATTY PIZZAILO SAUCE,Type 3,Patsy's,24 OZ
6971941100,PATSY RSTD YLW/RED PEPPER,Type 3,Patsy's,11.6
6971941200,PATSY ROASTED EGGPLANT,Type 3,Patsy's,11.6
6971941400,PATSY ROASTED ONION 12 OZ,Type 3,Patsy's,KH# 69333
2432142429,POMI MARINARA SAUCE,Type 3,Pomi,26 OZ
5100001210,PREGO MUSH & GRN PEPPER S,Type 3,Prego,27.75 OZ
5100001212,PREGO MUSHROOM & GARLIC,Type 3,Prego,26    OZ
5100001214,PREGO TOM/ONION/GARLIC SC,Type 3,Prego,26 OZ
5100001588,CLUB-1PREGO SPAG SAUCE,Type 3,Prego,67  OZ
5100001598,PREGO SAUCE W/MUSHROOMS,Type 3,Prego,67 OZ
5100002511,PREGO SPAG SAUCE PLAIN,Type 3,Prego,48 OZ
5100002548,PREGO SPAG SAUCE PLAIN,Type 3,Prego,14 OZ
5100002549,PREGO REG SPAGHETTI SAUCE,Type 3,Prego,26 OZ
5100002792,PREGO MEAT Type 3,Type 3,Prego,48    OZ
5100002794,PREGO SPAG SAUCE MEAT,Type 3,Prego,26 OZ
5100002796,PREGO MUSHROOM SPAG SAUCE,Type 3,Prego,26 OZ
5100002797,PREGO MUSHROOM SPAG SAUCE,Type 3,Prego,48 OZ
5100002799,PREGO MARINARA SAUCE,Type 3,Prego,25 OZ
5100005043,PREGO THREE CHEESE Type 2,Type 3,Prego,28    OZ
5100005044,PREGO GARDEN COMBINATON,Type 3,Prego,25.75 OZ
5100005045,PREGO ZESTY MUSH/X SPICY,Type 3,Prego,26 OZ
5100008725,PREGO X CKY GARDEN COMBO,Type 3,Prego,48 OZ
5100010546,PREGO RST GARLIC PARMESAN,Type 3,Prego,26 OZ
5100011464,PREGO MUSHROOM SUPREME SC,Type 3,Prego,25.75 OZ
5100012013,(S)PREGO RICOTTA PARMESAN,Type 3,Prego,28    OZ
5100012014,PREGO MUSHROOM PARMSAN,Type 3,Prego,26 OZ
5100012909,PREGO RED PEPPER/GRLIC,Type 3,Prego,26 OZ
5100012910,PREGO RSTD GRLC/HRB SAUCE,Type 3,Prego,26 OZ
5100012911,PREGO ITALIAN SAUSAGE,Type 3,Prego,25.6 OZ
5100012912,PREGO HAMBURGER Type 2 SCE,Type 3,Prego,26 OZ
5100013281,PREGO MINI MEATBALL Type 2,Type 3,Prego,26    OZ
5100013283,PREGO CHICKEN W/PARMESAN,Type 3,Prego,27.75 OZ
5100013826,PREGO Type 2 BAKE TOM/GAR/,Type 3,Prego,27.50 OZ
5100013827,PREGO THREE CHSE MARINARA,Type 3,Prego,27.75 OZ
5100013828,PREGO MUSRM GAR&ONION SCE,Type 3,Prego,27.5 OZ
5100013829,PREGO Type 2 BAKE SAUC,Type 3,Prego,27.75 OZ
5100013830,PREGO HEARTY MEAT SAUCE,Type 3,Prego,27.75 OZ
5100014985,PREGO ITALIAN SAUSAGE,Type 3,Prego,25.6 OZ
5100014986,PREGO REG SPAGHETTI SAUCE,Type 3,Prego,26 OZ
5100014987,PREGO SPAG SAUCE MEAT,Type 3,Prego,26 OZ
5100015055,PREGO HEARTY MT MEATBALL,Type 3,Prego,27.5 OZ
5100015056,PREGO HEARTY MT ITALIAN S,Type 3,Prego,27.5 OZ
5100015057,PREGO HEARTY MT FRSH MUSH,Type 3,Prego,27.5 OZ
5100015194,PREGO MUSHROOM SPAG SAUCE,Type 3,Prego,26 OZ
5100015554,PREGO HEARTY 3 MEAT SUPRM,Type 3,Prego,27.5 OZ
9999900716,PRIVATE LABEL ORIG SPAG SAUCE TRAD,Type 3,Private Label,48 OZ
9999966715,PRIVATE LABEL SPAG SCE TRADITIONAL,Type 3,Private Label,26 OZ
9999966720,PRIVATE LABEL SPAGHTTI SAUCE MEAT,Type 3,Private Label,26 OZ
9999966721,PRIVATE LABEL SPAG SAUCE MUSHROOM,Type 3,Private Label,26 OZ
9999968191,PRIVATE LABEL ORIG SPAG SAUCE TRAD,Type 3,Private Label,48 OZ
9999968192,PRIVATE LABEL ORIG SPAG SAUCE W/MT,Type 3,Private Label,48 OZ
9999968193,PRIVATE LABEL ORIG SPAG SC MUSHROOM,Type 3,Private Label,48 OZ
9999969753,PRIVATE LABEL HM STY SPAG SCE MEAT,Type 3,Private Label,48 OZ
9999969754,PRIVATE LABEL HM STY SPAG SCE REG,Type 3,Private Label,48 OZ
9999969755,PRIVATE LABEL HM STY SPAG SCE MUSH,Type 3,Private Label,3 LB
9999971291,PRIVATE LABEL CHUNKY SPAGETTI SAUCE,Type 3,Private Label,26 OZ
9999971292,PRIVATE LABEL SPAGETTI SCE W/MUSHRM,Type 3,Private Label,26 OZ
9999971297,PRIVATE LABEL CHNKY SAUC PEP MUS,Type 3,Private Label,26 OZ
9999971306,PRIVATE LABEL HS SPAG SAUCE TOM/BAS,Type 3,Private Label,26 OZ
9999971308,PRIVATE LABEL HS SPAG SCAUCE W/BEEF,Type 3,Private Label,26 OZ
9999971309,PRIVATE LABEL HS SPAG SCAUCE W/MUSH,Type 3,Private Label,26 OZ
9999973092,PRIVATE LABEL FF Type 2 SC TOM&HERB,Type 3,Private Label,26 OZ
9999973093,PRIVATE LABEL FF Type 2 SC GRDN VEG,Type 3,Private Label,26 OZ
9999973094,PRIVATE LABEL FF Type 2 SC CHKY MUSH,Type 3,Private Label,26 OZ
9999981556,PRIVATE LABEL TRADITIONAL SPAGHETTI,Type 3,Private Label,26.50 OZ
9999981580,PRIVATE LABEL SPAG SCE TRADITION,Type 3,Private Label,26.50 OZ
9999981581,PRIVATE LABEL SPAG SCE MUSHROOM,Type 3,Private Label,26.50 OZ
9999981582,PRIVATE LABEL SPAG SCE MEAT,Type 3,Private Label,26.50 OZ
9999981583,PRIVATE LABEL CLS ITL RSTD GRLC&ON,Type 3,Private Label,26 OZ
9999981584,PRIVATE LABEL SPAG SCE FOUR CHEE,Type 3,Private Label,26    OZ
9999981585,PRIVATE LABEL CLS ITL GRL&HRB SAUCE,Type 3,Private Label,26.5 OZ
9999900443,PRIVATE LABEL BRUSCHETA W/ONIONS,Type 3,Private Label Premium,17 OZ
9999971055,PRIVATE LABEL 5 CHEESE Type 3,Type 3,Private Label Premium,26 OZ
9999971687,PRIVATE LABEL Type 2 SCE GRLC/SUNDRIE,Type 3,Private Label Premium,26    OZ
9999971694,PRIVATE LABEL VIDALIA ON&FRPEP,Type 3,Private Label Premium,26 OZ
9999981140,PRIVATE LABEL 3 MUSHROOM Type 3,Type 3,Private Label Premium,26 OZ
9999981141,PRIVATE LABEL Type 3 6 CHEESE,Type 3,Private Label Premium,26 OZ
9999981142,PRIVATE LABEL Type 2 SCE TOMATO BASIL,Type 3,Private Label Premium,26 OZ
9999981143,PRIVATE LABEL VID ONION/PEPPER SAUCE,Type 3,Private Label Premium,26 OZ
9999981144,PRIVATE LABEL GARLIC/SUNTOMATO SAUCE,Type 3,Private Label Premium,26 OZ
9999981586,PRIVATE LABEL BRUSCHETTA ORIGINAL,Type 3,Private Label Premium,17 OZ
9999981587,PRIVATE LABEL BRUSCHETA W/ONIONS,Type 3,Private Label Premium,17 OZ
9999981588,PRIVATE LABEL TAPENADE-GRN OLV&TOM,Type 3,Private Label Premium,10 OZ
9999984489,PRIVATE LABEL BLK OLIVE TAPENADE,Type 3,Private Label Premium,10 OZ
8939710379,RAC FIRE RST SPC PPRS 3Z,Type 3,RAC,KH# 68255
3620000050,RAGU SAUCE O/W PLAIN,Type 3,Ragu,14 OZ
3620000217,RAGU CHS CREATN PARM MOZZ,Type 3,Ragu,16 OZ
3620000218,RAGU CC DBL CHEDDAR,Type 3,Ragu,16 OZ
3620000250,RAGU TRADITIONAL PLAIN,Type 3,Ragu,26 OZ
3620000300,RAGU OWS SPAG SAUCE MEAT,Type 3,Ragu,26 OZ
3620000350,RAGU TRADITIONAL MUSHROOM,Type 3,Ragu,26 OZ
3620000440,RAGU\TOMATO GRLC/ONION SC,Type 3,Ragu,26 OZ
3620000441,RAGU SPAG SCE GRN PEPP&MU,Type 3,Ragu,26 OZ.
3620000442,RAGU CHKY GAR SUN TOM/BSL,Type 3,Ragu,26 OZ
3620000444,RAGU SPAG SCE ITAL GRD CO,Type 3,Ragu,26.3 OZ
3620000445,RAGU GS SUPER MUSHROOM,Type 3,Ragu,26.3 OZ
3620000446,RAGU GARDEN SUPER VEG SCE,Type 3,Ragu,26 OZ
3620000464,RAGU ROBUSTO PARM ROMANO,Type 3,Ragu,26    OZ
3620000468,RAGU\HEARTY ONION/GARLIC,Type 3,Ragu,26 OZ
3620000480,RAGU HEARTY ITAL PSTA SCE,Type 3,Ragu,26.3 OZ
3620000482,RAGU HEARTY SAUT ON/MUSH,Type 3,Ragu,26.3 OZ
3620000488,RAGU ROBUSTO RSTD GARLIC,Type 3,Ragu,26 OZ
3620000489,RAGU RBST ITALIAN MEAT,Type 3,Ragu,26 OZ
3620000661,RAGU TRAD SPAGH SCE PLAIN,Type 3,Ragu,6 LB 11 OZ
3620001364,RAGU CHUNKY G/S MAMAS SCE,Type 3,Ragu,26 OZ
3620001365,RAGU TOM BASIL/ITAL,Type 3,Ragu,26 OZ
3620001367,RAGU PARMESAN & MOZZ,Type 3,Ragu,16 OZ
3620001368,RAGU LT PARM ALFRDO SAUCE,Type 3,Ragu,16 OZ
3620001369,RAGU\CHZ CREATION ALFRDO,Type 3,Ragu,16 OZ
3620001374,RAGU ROBUSTO TOM O/OIL GA,Type 3,Ragu,26    OZ
3620001375,RAGU ROBUSTO SIX CHEESE,Type 3,Ragu,26    OZ
3620001376,RAGU ROBUSTO ITAL SAUSAGE,Type 3,Ragu,26 OZ
3620001396,RAGU HEARTY MT SSG/PEP/ON,Type 3,Ragu,32 OZ
3620001397,RAGU MAMAS MEAT SAUCE,Type 3,Ragu,32 OZ
3620001398,RAGU HEARTY MT CLASSIC IT,Type 3,Ragu,32 OZ
3620001401,RAGU SPAGH SAUCE PLAIN,Type 3,Ragu,45 OZ
3620001403,RAGU RICH&MEATY CLASSIC I,Type 3,Ragu,16 OZ
3620001405,RAGU R&M MAMAS MEAT SAUCE,Type 3,Ragu,16 OZ
3620001408,RAGU RICH&MEATY BF/ON/GRL,Type 3,Ragu,32 OZ
3620001411,RAGU MEAT SPAGHETTI SAUCE,Type 3,Ragu,45 OZ PET
3620001494,RAGU SAUTEE ONION SPAG SC,Type 3,Ragu,45    OZ
3620001495,(S)RAGU CHNKY GRDNSTYL GR,Type 3,Ragu,45 OZ
3620001499,RAGU SUPER MUSHRM SPGH SC,Type 3,Ragu,45 OZ PET
3620001510,RAGU HEARTY ITAL TOM SCE,Type 3,Ragu,45 OZ.
3620001879,BERTOLLI BASIL DCD SPICE,Type 3,Ragu,8 OZ
3620003800,RAGU ORGANIC TRADITIONAL,Type 3,Ragu,26 OZ
3620003801,RAGU ORGANIC CHEESE SAUCE,Type 3,Ragu,26 OZ
3620003802,RAGU ORGANIC GRDN VEGGIE,Type 3,Ragu,26 OZ
3620004152,CARB OPTIONS ALFREDO SCE,Type 3,Ragu,16 OZ
3620004153,CARB OPTIONS DBL CHDR SCE,Type 3,Ragu,16 OZ
3620004154,CARB OP RAGU HRTY SAUSAGE,Type 3,Ragu,16 OZ
3620004155,CARB OP RAGU GARDEN STYLE,Type 3,Ragu,25.3 OZ
4747900008,RAOS ITAL SAUS&MUSHRM SCE,Type 3,Raos,24 OZ
4747900009,RAOS ITAL PEP & MUSH SAUC,Type 3,Raos,24 OZ
4747900014,RAOS CUORE POMODORO SAUCE,Type 3,Raos,24    OZ
8134212301,ROSELLI MARINARA SPAG SCE,Type 3,Roselli,15.5 OZ
8134212307,ROSELLI S MARINARA SPAG S,Type 3,Roselli,25 OZ
8134212308,ROSELLI S MEAT SPAG SCE,Type 3,Roselli,25 OZ
1124618059,RR ARTICHOKE Type 3,Type 3,RR,24 OZ
4078498650,SAN MARZANO MARINARA SCE,Type 3,San Marzano,26 OZ
8634157120,SLVR PAL\BALSAMCO VINEGAR,Type 3,Silver Palate,12.5 FL OZ
8634160316,SLVR PALATE BALSAMICO SC,Type 3,Silver Palate,25 OZ
9546900713,SINATRAS PESTO SAUCE,Type 3,Sinatra's,15 OZ
9546900714,SINATRAS ALFREDO SAUCE,Type 3,Sinatra's,15 OZ
111112360,VINCENT S ORIG MARINARA S,Type 3,Vincent's,25 OZ
4823910502,WALNUT ACRES ORG MARN SCE,Type 3,Walnut Acres,25.5 OZ
1160000004,ALAGA REAL CANE FLV SYRUP,Type 4,Alaga,24 OZ
1160000413,ALAGA YELL LBL HNY FLV SY,Type 4,Alaga,24 OZ
3000003660,A J COUNTRY RICH LT SYRUP,Type 4,Aunt Jemima,24 OZ
3000003690,ANT JEMIMA CONTRY RICH SY,Type 4,Aunt Jemima,24  OZ
3000005550,C**AUNT JEMIMA LITE SYRUP,Type 4,Aunt Jemima,12 OZ
3000005560,AUNT JEMIMA LITE SYRUP,Type 4,Aunt Jemima,36 OZ
3000005620,QUAKER AUNT JAM BUTR LITE,Type 4,Aunt Jemima,24 OZ
3000005627,QUAKER AUNT JAM BUTR LITE,Type 4,Aunt Jemima,24 OZ
3000005800,AUNT JEMIMA LITE SYRUP,Type 4,Aunt Jemima,24 OZ
3000005940,A J BUTTER RICH SYRUP,Type 4,Aunt Jemima,24 OZ
3000005950,AUNT JEM SYRUP REG,Type 4,Aunt Jemima,12 OZ
3000005960,A/JEM SYRUP ORIGINAL,Type 4,Aunt Jemima,36    OZ
3000005970,AUNT JEMIMA ORIGINL SYRUP,Type 4,Aunt Jemima,24 OZ
4169513624,BRASWELL BLUEBERRY SYRUP,Type 4,Braswell,8 OZ
2400033503,BRER RABBIT GOLD MOLAS,Type 4,Brier Rabbit,12 OZ
2400033513,BRER RABBIT\DARK MOLASSES,Type 4,Brier Rabbit,12 FL OZ
5390000031,CARY SUGARFREE SYRUP,Type 4,Cary's,12 OZ
5390000032,CARY S SUGR FREE SYRUP,Type 4,Cary's,24 OZ
5390002015,CARY PURE MAPLE SYRUP,Type 4,Cary's,8 OZ
5390002025,CARYS PURE MAPLE SYRUP,Type 4,Cary's,12.5 OZ
7468300552,COZY COTTAGE S/F SYRUP,Type 4,Cozy Cottage,12 OZ
7468300554,COZY COTTAGE SYRUP S/FREE,Type 4,Cozy Cottage,24 OZ
3738401016,DAVINCI CHOCOLATE SYRUP,Type 4,DaVinci,6.3 OZ
3738401036,DAVNC AMARETTO FLVR SYRUP,Type 4,DaVinci,6.3 OZ
3191900520,FIFTY 50 REDUCD CAL SYRUP MPLE,Type 4,Fifty 50,12 OZ
1112900013,GLDN EAGLE SYRUP REG,Type 4,Golden Eagle,15 OZ
1480071116,GRANDMA MOLASES-GREEN,Type 4,Grandma Molases,12 OZ
1480071124,GRANDMA MOLASES-YELOW,Type 4,Grandma Molases,12 OZ
7030500701,HOWARDS PURE MAPLE SYRUP,Type 4,Howard's,8.5 OZ
7306000210,HSE HERB BLKSTRP MOLASSES,Type 4,HSE,15 OZ
1800000951,HUNGRY JACK LITE SYRUP,Type 4,Hungry Jack,27.6 OZ
1800000956,PILL H J MMV REG SYRUP,Type 4,Hungry Jack,27.6 OZ
1800000957,PILL H J MWV LITE SYRUP,Type 4,Hungry Jack,27.6 OZ
1800000958,PILL H J BUTTER SYRUP,Type 4,Hungry Jack,27.6 OZ
1800000959,PILL H J LTE BUTTER SYRUP,Type 4,Hungry Jack,27.6 OZ
4800105010,KARO BLUE LABEL SYRUP,Type 4,Karo,16 OZ
4800105040,KARO BLUE SYRUP,Type 4,Karo,32 OZ
4800105110,KARO RED LABEL SYRUP,Type 4,Karo,16 OZ
4800105140,KARO LITE RD CORN SYRUP,Type 4,Karo,32 OZ
4800105210,KARO WAFFLE SYRUP,Type 4,Karo,16 OZ
4800105230,KARO GREEN LABEL SYRUP,Type 4,Karo,32 OZ
4800105515,GOLDEN GRIDDLE SYRUP ORIG,Type 4,Karo,24 OZ
6172005010,KARO BLUE LABEL SYRUP,Type 4,Karo,16 OZ
6172005040,KARO BLUE SYRUP,Type 4,Karo,32 OZ
6172005110,KARO RED LABEL SYRUP,Type 4,Karo,16 OZ
6172005140,KARO LITE RD CORN SYRUP,Type 4,Karo,32 OZ
6172005180,KARO RED SYRUP,Type 4,Karo,GAL
6172005210,KARO WAFFLE SYRUP,Type 4,Karo,16 OZ
6172005230,KARO GREEN LABEL SYRUP,Type 4,Karo,32 OZ
6172075181,KARO CORN SYRUP W/BRW SGR,Type 4,Karo,16 OZ
3800007266,KELL EGGO SYRUP ORIGINAL,Type 4,Kellogg,23 OZ
3800007267,KELL EGGO LITE SYRUP,Type 4,Kellogg,23 OZ
3800007268,KELLOGG EGGO BUTTERY SYRU,Type 4,Kellogg,23 OZ
7092004128,KNOTTS BOYSENBERRY SYRUP,Type 4,Knott's,12 OZ
4300000026,LOG CABIN SYRUP REG,Type 4,Log Cabin,P    24 OZ
4300000036,LOG CABIN ORIG SYRUP,Type 4,Log Cabin,12    OZ
4300000037,LOG CABIN SYRUP REG,Type 4,Log Cabin,P    24 OZ
4300000039,LOG CABIN ORIG SYRUP,Type 4,Log Cabin,36    OZ
4300000051,LOG CABIN LITE SYRUP,Type 4,Log Cabin,12 OZ
4300000052,LOG CABIN LITE PITCHER PACK,Type 4,Log Cabin,24 OZ
4300000064,COUNTRY KITCHEN\ LITE 64,Type 4,Log Cabin,24 FL OZ
4300000066,LOG CABIN CNTRY KIT SYRUP,Type 4,Log Cabin,24 OZ
4300000113,CNTRY KITCHEN\BTTER SYRUP,Type 4,Log Cabin,24 FL OZ
4300000115,LOG CABIN BUTTER SYRUP,Type 4,Log Cabin,24 OZ
4300000120,LOG CABIN SUGAR FREE,Type 4,Log Cabin,12 OZ
4300034901,LOG CABIN MAPLE PANCAKE/WAFFLE,Type 4,Log Cabin,##########
4420900085,LOG CABIN SUGR FREE SYRUP,Type 4,Log Cabin,24OZ
7489000110,LYLES GOLDEN SYRUP TIN,Type 4,Lyles,10.6 OZ
7468300310,MAPLE GROVE SYRUP DRK AMB,Type 4,Maple Grove,12.5 OZ
7468300312,VERMONT 100% PURE MAPLE SYRUP,Type 4,Maple Grove,16 OZ
7468300313,MAPLE GROVE PURE DK MA,Type 4,Maple Grove,8 OZ
7468300551,VERMONT S F PANCAKE SYRUP,Type 4,Maple Grove,12 OZ
7468330800,MPL GRV PURE SYRP JUG,Type 4,Maple Grove,16 OZ
7468390200,LOG CABIN SYRUP,Type 4,Maple Grove,16.9 OZ
8721601000,MICHELES HONEY CREME SYRU,Type 4,Michele's,13 OZ
8721601001,MICHELES MAPLE CREME SYRU,Type 4,Michele's,13 OZ
8721601002,MICHELES BUTTER PECAN SYR,Type 4,Michele's,13 OZ
566300028,MILLER CANE SYRUP,Type 4,Miller,19 OZ
566300029,MILLER CANE SYRUP,Type 4,Miller,12 OZ
8283244016,MOONLITE SORGHUM,Type 4,Moonlite,16 OZ
4420929008,MRS BUTTERWORTH\LT SYRUP,Type 4,Mrs Butterworth,36 FL OZ
4420929012,M BTTRWRTH LITE SYRUP,Type 4,Mrs Butterworth,12 OZ
4420929024,MRS BUTTERWORTH LITE SYRU,Type 4,Mrs Butterworth,24 OZ
4420929047,MR BUTTERWORTH SUGAR FREE,Type 4,Mrs Butterworth,24 OZ
4420979129,MRS BUTTERWORTH SYRUP,Type 4,Mrs Butterworth,24 OZ
4420979138,MRS BUTTERWORTH SYRUP,Type 4,Mrs Butterworth,24 OZ
4420979224,M BTTRWRTH SYRUP ORIGINAL,Type 4,Mrs Butterworth,12 OZ
4420979347,M BUTTWRTH ORIGINAL SYRUP,Type 4,Mrs Butterworth,36 OZ
7520000912,RDNBRY CANE PTCH SYRUP,Type 4,Northwoods,12 OZ
7520000936,NRTHWDS BTR MPL FLV SYRUP,Type 4,Northwoods,24 OZ
7520000937,NRTHWDS BTR MPL FLV SYRUP,Type 4,Northwoods,12 OZ
7520000967,RODDENBERY LT CORN SYURP,Type 4,Northwoods,16 OZ
7520000974,NRTHWDS MPL FLV SYRUP,Type 4,Northwoods,12 OZ
7520000976,NRTHWD MPL FLV SYRUP PLST,Type 4,Northwoods,24 OZ
7520000977,NORTHWDS MAPLE SYRUP,Type 4,Northwoods,36 OZ
7520000978,NTHWDS SF LW CAL SYRUP,Type 4,Northwoods,24 OZ
7520000980,NRTHWDS LITE RED CAL SYRU,Type 4,Northwoods,24 OZ
7520000984,OLD PLANTATION MOLASSES,Type 4,Northwoods,12 OZ
4149000002,PENNANT WAFFLE SYRUP,Type 4,Pennant,12 OZ
4149000101,BOB WHT GOLDEN SYRUP,Type 4,Pennant,16 OZ
4149000102,BOB WHT CRYST WHT SYRUP,Type 4,Pennant,16 OZ
4149000246,PENNANT WAFFLE SYRUP,Type 4,Pennant,24 OZ
4149000247,PENNANT SYRUP BTR MAPLE,Type 4,Pennant,24 OZ
4149001111,BOB WHT CRYS WHT SYR PLST,Type 4,Pennant,32 OZ
4149073614,KING SYRUP GOLDEN,Type 4,Pennant,16 OZ
4149080982,PENNANT LITE SYRUP,Type 4,Pennant,24 OZ
566300023,PINE MOUNTAIN SYRUP,Type 4,Pine Mountain,40 OZ
566300035,PINE MOUNTAIN SYRUP,Type 4,Pine Mountain,19 OZ
9999966070,PRIVATE LABEL BUTTERED SYRUP,Type 4,Private Label,P    24 OZ
9999967496,PRIVATE LABEL PANCAKE SYRUP,Type 4,Private Label,36 OZ.
9999967586,PRIVATE LABEL CORN SYRUP LITE,Type 4,Private Label,16 OZ
9999967648,PRIVATE LABEL HONEY MAPLE SYRUP,Type 4,Private Label,24 OZ
9999967725,PRIVATE LABEL PANCAKE SYRUP,Type 4,Private Label,12 OZ
9999967727,PRIVATE LABEL SYRUP PLASTIC BOTTLE,Type 4,Private Label,24 OZ
9999967728,PRIVATE LABEL LITE PANCAKE SYRUP,Type 4,Private Label,24 OZ
9999967739,PRIVATE LABEL LITE PANCAKE SYRUP,Type 4,Private Label,36 OZ
9999969367,PRIVATE LABEL LT CORN SYRUP PLASTIC,Type 4,Private Label,32 OZ
9999970114,PRIVATE LABEL DARK CORN SYRUP,Type 4,Private Label,16 OZ
9999972255,PRIVATE LABEL LITE PANCAKE SYRUP,Type 4,Private Label,12 OZ
9999973863,PRIVATE LABEL LT CORN SYRUP PLASTIC,Type 4,Private Label,32 OZ
9999981816,PRIVATE LABEL MAPLE SYRUP,Type 4,Private Label Premium,12 OZ
9999981821,PRIVATE LABEL 100% PURE MAPLE SYRUP,Type 4,Private Label Premium,8 OZ
9999971884,PRIVATE LABEL IMITATION TABLE SYRUP,Type 4,Private Label Value,24    OZ
7935400232,SAND MOUNTAIN REGULAR SORGHUM,Type 4,Sand Mountain,##########
7935411200,SORGHUM SYRUP MUG,Type 4,Sand Mountain,20 OZ
5150002681,SMUCKERS BLACKBERRY SYRUP,Type 4,Smuckers,12 OZ
5150002682,SMUCKER BLUEBRY FRUIT SYR,Type 4,Smuckers,12 OZ
5150002683,SMUCKER BOYSENBERRY SYRUP,Type 4,Smuckers,12 OZ
5150002684,SMUCK RED RASPBERRY SYRUP,Type 4,Smuckers,12 OZ
5150002685,SMUCKER STRAWBERRY SYRUP,Type 4,Smuckers,12 OZ
5150004231,SMUCKERS SUGARFREE MAPLE,Type 4,Smuckers,14.5 OZ
2400033523,SOBRAB BKSTRP MOLASSES,Type 4,Sobrab Bkstrp,12 OZ
3905909222,SPRING TREE MAPLE SYRUP,Type 4,Spring Tree,8.5 OZ
3905931733,SPRTR SUGAR FREE SYRUP,Type 4,Spring Tree,12 OZ
3905955112,SPRNG TREE SF MAPLE SYRUP,Type 4,Spring Tree,P    24 OZ
3905972884,SPRING TREE MAPLE SYRUP,Type 4,Spring Tree,8.5 OZ
3068434050,TREE OF LIFE REGULAR BLACKSTRA,Type 4,Tree of Life,##########
3068434052,TREE OF LIFE REGULAR BLACKSTRA,Type 4,Tree of Life,##########
6138914020,VRMT GLD PURE MPL SYRP,Type 4,Vermont Gold,8.5 OZ
